epsilon,run_1,run_2,run_3,run_4,run_5,run_6,run_7,run_8,run_9,run_10,run_11,run_12,run_13,run_14,run_15,run_16,run_17,run_18,run_19,run_20,run_21,run_22,run_23,run_24,run_25,run_26,run_27,run_28,run_29,run_30,mean
0.000000000000000000e+00,2.002523408102886704e-02,1.877407521024670664e-02,2.019183003098035459e-02,2.195389714834247719e-02,2.154077760899081317e-02,2.080375927566938815e-02,1.995367384718914339e-02,1.972587133690169997e-02,1.999263864526141035e-02,2.336959349239947636e-02,2.045571802699675673e-02,2.074487888612512598e-02,1.987982897310739197e-02,1.893251171926218709e-02,1.966630621138601084e-02,2.263585430241147473e-02,2.221521100507488009e-02,2.090333944612678477e-02,1.661843554610361109e-02,1.957584225518789814e-02,2.042716573585283413e-02,2.148343315208256152e-02,2.113880554809093384e-02,1.995429527695729080e-02,2.118569328580020492e-02,2.128551385332287313e-02,2.062440059735070122e-02,2.153511318753630402e-02,2.027184007434944257e-02,2.019802960687007432e-02,0.000000000000000000e+00
1.010101010101010187e-02,1.084551059194540680e-02,1.354732076832906515e-02,1.242537323383084528e-02,1.350583577569340957e-02,1.379470550609907149e-02,1.361067228317543523e-02,1.210950040257648304e-02,1.204107553335664361e-02,1.199106333900376055e-02,1.405490661655210000e-02,1.161799896711993886e-02,1.216657716862059799e-02,1.232286898412865601e-02,1.198446911631883584e-02,1.241761249194062861e-02,1.244578643557730374e-02,1.220581418832844545e-02,1.191407151229167266e-02,1.117613081526876162e-02,1.163757277098622506e-02,1.170577208047380441e-02,1.167329859122947372e-02,1.098862593775946049e-02,1.278346979501262040e-02,1.221112607419970984e-02,1.232430119722818275e-02,1.259924997767724285e-02,1.279066456443917442e-02,1.309813345480950568e-02,1.262686025898758328e-02,0.000000000000000000e+00
2.020202020202020374e-02,5.885736997182256826e-03,6.702797923255631590e-03,6.903180426441134221e-03,5.477371632452923342e-03,6.215102573570286011e-03,6.514322681599369301e-03,7.596736141264878901e-03,5.450688029964657899e-03,4.323644296192738490e-03,7.029224708315988043e-03,5.114528326248667968e-03,7.394937457477243452e-03,5.951840051614290007e-03,5.024689045105178858e-03,7.146040861903883538e-03,5.184553982745285922e-03,7.049113419430843436e-03,6.712555400143822848e-03,5.512485827646180885e-03,5.482143741274939953e-03,8.116717316748194369e-03,7.271169094444166099e-03,5.642304493733034387e-03,5.983443824420849044e-03,7.290233192429443169e-03,6.060321773635456502e-03,7.215705093752100042e-03,6.232327013243127260e-03,6.497661117663801507e-03,5.158914614528912687e-03,0.000000000000000000e+00
3.030303030303030387e-02,5.677842900257103892e-03,5.369878955805242049e-03,5.729258241692375409e-03,5.002749244165651150e-03,8.924259072886667546e-03,5.283710817219277114e-03,6.618904743233581557e-03,5.919890201684486521e-03,5.464430436925699769e-03,6.483548411171153984e-03,7.645096467671286776e-03,7.484089791016674230e-03,8.349946107610516435e-03,5.925023206705607240e-03,6.282801922709324929e-03,5.070493072670546365e-03,5.377834136527455747e-03,5.318072959258832166e-03,6.300793600809345696e-03,7.600421040968717568e-03,5.149087297764526686e-03,6.505835841765453958e-03,6.722350779303322595e-03,5.677640354936194442e-03,5.934441844015324145e-03,4.504875137004354241e-03,6.565059024867940865e-03,5.719606629830411258e-03,5.242852277148384206e-03,8.058901910310114006e-03,0.000000000000000000e+00
4.040404040404040747e-02,3.335505958621570038e-03,3.421856221409660601e-03,3.619392214170771317e-03,3.751413067098849797e-03,4.157354928316801292e-03,3.208410821575067608e-03,3.149904760464988969e-03,3.330165161069342274e-03,3.566286584109583727e-03,3.602277057640069450e-03,3.134581311754409613e-03,3.856565829854327349e-03,4.081960313378854913e-03,3.208410821575067174e-03,3.374181382202207351e-03,3.270152901624020364e-03,3.723157262324544841e-03,4.139311536958773137e-03,3.155946767611899576e-03,3.384951993751167051e-03,3.203123475609393010e-03,3.862369738903824890e-03,3.658565292570299058e-03,3.020331107676772243e-03,3.217701042670061389e-03,3.138853293800142243e-03,3.732773767588922972e-03,3.809409403043994159e-03,3.924334338457924690e-03,3.365991681510814397e-03,0.000000000000000000e+00
5.050505050505051108e-02,2.942295022597156504e-03,3.345609062637176084e-03,3.171419240655514154e-03,2.815581645060217207e-03,3.412843389316304495e-03,3.051229260478471612e-03,2.692118125194360809e-03,2.793044933401537654e-03,3.315780451115543735e-03,3.320767983464065903e-03,2.238995310401520594e-03,3.195309061734091273e-03,2.706492194705168233e-03,2.713595400939498685e-03,2.364296935666076842e-03,3.551957206949430800e-03,2.650943228362312790e-03,3.791622344063289712e-03,2.768320790659926315e-03,3.085838621833617186e-03,2.890173005202283704e-03,3.310755200856746894e-03,3.289665636504719801e-03,3.031088913245535109e-03,3.531274557436733536e-03,2.823809483658555521e-03,2.451203785897859699e-03,3.166638596366816438e-03,2.761792895928295855e-03,3.111526956335104732e-03,0.000000000000000000e+00
6.060606060606060774e-02,3.355279422045203980e-03,2.995646841668757072e-03,2.782085548648710778e-03,2.250577703613007834e-03,3.037696495701965906e-03,3.755049933090104635e-03,3.768965375272105046e-03,3.285285375732221579e-03,4.416740879879641965e-03,3.385262175962151527e-03,3.239073941730876739e-03,2.968164415931166377e-03,3.223957195745625823e-03,2.899999999999999800e-03,3.003731013256679978e-03,3.238440982942254916e-03,2.355843797877949300e-03,2.612489234427579302e-03,4.047950098506649698e-03,3.668732751237135502e-03,3.059411708155670550e-03,2.401895085135901612e-03,2.573926960890692787e-03,3.612132334231403074e-03,3.572058230208460718e-03,3.706696642564643197e-03,3.086681065481174709e-03,3.182389039699577704e-03,2.995646841668757072e-03,2.977314225942569777e-03,0.000000000000000000e+00
7.070707070707071829e-02,4.025866366386246335e-03,4.550208786418486785e-03,3.374774066511712460e-03,4.172241603742524868e-03,3.469812675058986211e-03,3.988119857777596387e-03,3.821661942139832797e-03,3.680692869555948245e-03,3.770663071662595182e-03,3.208286146839150078e-03,2.308592644881292399e-03,3.916260971896535006e-03,3.793085815006035175e-03,3.742338840885469330e-03,4.157631537305825006e-03,4.983974317750844256e-03,4.874207627912459199e-03,3.374181382202207351e-03,4.258391715190137407e-03,3.273591300086191747e-03,3.270229349755150988e-03,5.003159002070592040e-03,3.868126161334451817e-03,4.028337125911881506e-03,3.487176508294353473e-03,4.069397989875160777e-03,3.355651948578695920e-03,3.370148364686634951e-03,3.769297016686267397e-03,3.646916505762093710e-03,0.000000000000000000e+00
8.080808080808081495e-02,5.263306945257895109e-03,4.072579035451614517e-03,4.316236786831788297e-03,3.645421786295791316e-03,3.854140630542689499e-03,3.336150476222557448e-03,3.684168834350564584e-03,3.981758405528893624e-03,5.804308744372580278e-03,4.114304315434141532e-03,3.208410821575067608e-03,3.676737684415357088e-03,4.521891197275759201e-03,3.363985731242034264e-03,3.675268697660077043e-03,3.786436319284928586e-03,3.502841703531576773e-03,3.605551275463989101e-03,4.591851478434379880e-03,4.386342439892262045e-03,4.017100944711248477e-03,5.295280917949490157e-03,4.625354040503278606e-03,4.546416171007664798e-03,5.138200073955859551e-03,3.470950878361720587e-03,4.095497527773640789e-03,4.211543659989766715e-03,4.537576445637031379e-03,4.087493119260263326e-03,0.000000000000000000e+00
9.090909090909091161e-02,4.794277839257963039e-03,5.361669516111562672e-03,4.763727532090810367e-03,4.514820040710371823e-03,4.528697384458360911e-03,3.918469088815171308e-03,5.739991289191996582e-03,4.554942370656295779e-03,4.405122018741365261e-03,4.648558916481536178e-03,3.759507946527045150e-03,4.393677275358306815e-03,3.361547262794322213e-03,4.051123301011707971e-03,4.305473260862270786e-03,3.092102844343958684e-03,3.925251584293673601e-03,4.502843546027333020e-03,4.532593076815963004e-03,4.071989685645090867e-03,3.732813951967067431e-03,5.427071033255415240e-03,3.987530564146185910e-03,4.205187272880959136e-03,4.208610221914117940e-03,4.032604617365803841e-03,4.616178072821715099e-03,3.799157801408096623e-03,3.871692136521187513e-03,3.928600259634466678e-03,0.000000000000000000e+00
1.010101010101010222e-01,3.896909031527423083e-03,4.746145804755685926e-03,2.896825849097594760e-03,3.703835849494413121e-03,4.462017480916003614e-03,4.875079486531475742e-03,5.136886216376609568e-03,6.151577033574398556e-03,3.825846311602179323e-03,3.862434465463459535e-03,3.957473941796711345e-03,4.370858039332780991e-03,5.069871793250791542e-03,3.909718659954959132e-03,3.746144684872702683e-03,3.521363372331801685e-03,4.585455266383044529e-03,5.059881421535488387e-03,3.445272122779272951e-03,4.257745882506376416e-03,4.312261587612700210e-03,5.018714974971183289e-03,4.295055296500849794e-03,4.604736691712132783e-03,4.075831203570628482e-03,5.582571092247729135e-03,4.355272666550282293e-03,4.690533018751706987e-03,5.054295203092118091e-03,4.163784336393997094e-03,0.000000000000000000e+00
1.111111111111111188e-01,4.055859958134649078e-03,5.002749244165651150e-03,3.707505900197598583e-03,4.596466033813368345e-03,3.864854460390455392e-03,4.170023980746393952e-03,4.429661386607333488e-03,5.161966679474016585e-03,4.408752658065544054e-03,3.867091930637284701e-03,4.026164427839479601e-03,4.336404040215809282e-03,3.543712742308551943e-03,5.402767809188175827e-03,4.840030991636313368e-03,4.304358256465184475e-03,3.004194401166476389e-02,4.711040224833576776e-03,5.015685396832620345e-03,4.195843181054315953e-03,4.923860274215750323e-03,4.198511641046145243e-03,5.050782117652670780e-03,5.544041846883914111e-03,5.377136784572250292e-03,4.810405388322276481e-03,4.487761134463375164e-03,4.563102015077024134e-03,3.844008324652796720e-03,3.637292949433685620e-03,0.000000000000000000e+00
1.212121212121212155e-01,6.858709791207090456e-03,3.701405138592639595e-03,6.898724519793495748e-03,5.085272854036447521e-03,4.598641103630506620e-03,4.627137343974132948e-03,4.255008813151859443e-03,3.953972685793365714e-03,4.407765874000115457e-03,4.726986354962324152e-03,5.457279542042903393e-03,3.691544392256444068e-03,5.515469155022082251e-03,4.546416171007664798e-03,4.752378351941267606e-03,4.627137343974132948e-03,4.958790175032615384e-03,4.264868110504708466e-03,4.750778883509523993e-03,4.133509404852008309e-03,4.523483171185673293e-03,4.910234210299952232e-03,4.917072299651490015e-03,4.662617290749905899e-03,4.472627862901182652e-03,5.379628239943722891e-03,4.525881129680716514e-03,4.154744276125788179e-03,4.703870746523547593e-03,3.680434756927501803e-03,0.000000000000000000e+00
1.313131313131313260e-01,4.643048567482360896e-03,4.563595074061676214e-03,4.308352353278454769e-03,4.078860134890628306e-03,3.600263879217744430e-03,4.446166888455718377e-03,4.568982381231077167e-03,4.714011030958666776e-03,4.859742791547716489e-03,4.407663780280886810e-03,4.206613840133177976e-03,5.163051423334848178e-03,4.222262426709168931e-03,4.626996866218952009e-03,4.407663780280885943e-03,3.661638977288721782e-03,3.705927684129845141e-03,4.674130935264864985e-03,3.856565829854327349e-03,5.480729878401233851e-03,5.130019493140351890e-03,4.396407624413368846e-03,4.277335619284509255e-03,4.109440351191388265e-03,4.432550056118938001e-03,5.186627034981405870e-03,3.899692295553586121e-03,4.493951490614912780e-03,5.201768929892983638e-03,5.542526499711119582e-03,0.000000000000000000e+00
1.414141414141414366e-01,4.397396957291892922e-03,1.799277632829353324e-02,6.859300255857007055e-03,5.632015624978324933e-03,5.655298400615125717e-03,6.132014350929064321e-03,5.051920426926773990e-03,5.598312245668331417e-03,5.649283140363917273e-03,4.732134824791027830e-03,3.957473941796711345e-03,5.083345355177040954e-03,4.831759513883115455e-03,5.155346739066151047e-03,4.339066719929529116e-03,5.976654582623961744e-03,4.418359424039650790e-03,4.885324963602728776e-03,7.905213469603461496e-03,7.544375388327385738e-03,6.207052440571128420e-03,4.081372318228269902e-03,4.512914800879804129e-03,7.790378681424927482e-03,4.873140671066247473e-03,4.927839283093554505e-03,6.658971392039463033e-03,5.032802400253758371e-03,4.753219961247322559e-03,5.247894816019085980e-03,0.000000000000000000e+00
1.515151515151515194e-01,6.086838259720723024e-03,5.253570214625478789e-03,3.616130528617571976e-03,3.880721582386451301e-03,6.815357657526125747e-03,4.373499742768942149e-03,4.369107460340154563e-03,5.874146746549663463e-03,9.134965790850012313e-03,6.094784655752817290e-03,3.671021656160584640e-03,4.781882474507294020e-03,5.307155546995018756e-03,3.684616669342959030e-03,5.669876541865792596e-03,6.428646824954688428e-03,5.661616376972215120e-03,6.950244600012290240e-03,5.223255689701587073e-03,6.139796413562911663e-03,4.445941969931681108e-03,6.792488498334023524e-03,4.563814194289684406e-03,6.232327013243127260e-03,6.413298683205078884e-03,4.076505856735642731e-03,5.726255320888163670e-03,4.903101059533649698e-03,5.491912235278345253e-03,7.308207714617860271e-03,0.000000000000000000e+00
1.616161616161616299e-01,4.532107677449863196e-03,4.379452020515809361e-03,5.078139423056440317e-03,5.141828468550851960e-03,4.781798824710216216e-03,4.219608986624234261e-03,5.370093109062449438e-03,4.857355247457200396e-03,6.621261209165516318e-03,6.059793725862292098e-03,5.352335938634643700e-03,5.432669693622096604e-03,5.260142583618812769e-03,6.621903049728226909e-03,6.238076626653443063e-03,5.573679215742506979e-03,5.790293602227783443e-03,5.091208108101652474e-03,3.299999999999999548e-03,7.305470552948658755e-03,5.531726674375732171e-03,5.389053720274089056e-03,8.517482022288042770e-03,5.107602177147315195e-03,1.416474496770061967e-03,6.180744291749983715e-03,1.107192846797702343e-02,5.091905340832643227e-03,5.638040439727263695e-03,5.641586656251944797e-03,0.000000000000000000e+00
1.717171717171717404e-01,6.159253201484738566e-03,6.855917152358246246e-03,6.007287241342800822e-03,7.581319146428277915e-03,5.966330530569018999e-03,6.454850889060102272e-03,6.305521390020018581e-03,7.900196200095287516e-03,6.390492938733287505e-03,7.751361170788005281e-03,6.473206315266028139e-03,6.166068439451511014e-03,7.822505992327522667e-03,7.138459217506254971e-03,6.620234134832393529e-03,8.022069558411969170e-03,7.164991277035862027e-03,7.052226598741704634e-03,8.572887494887588763e-03,6.685057965343306485e-03,6.957089908862756390e-03,6.963878229837164660e-03,6.517484177195982317e-03,6.967180204358144890e-03,6.469706330274968380e-03,6.708203932499368777e-03,6.160876561009804610e-03,3.124275916112403528e-03,6.506489068614501950e-03,6.166644144103014882e-03,0.000000000000000000e+00
1.818181818181818232e-01,4.959627002104089778e-03,7.436907959629459643e-03,9.554600985912493905e-03,7.876363374045156768e-03,7.771299762587980352e-03,7.423280945781318696e-03,7.583508422887126448e-03,8.281932141716689261e-03,8.141031875628543593e-03,8.002968199362034754e-03,7.961381789614162263e-03,7.855819498944715401e-03,9.027424881991541472e-03,7.466424847274630815e-03,7.327236859826492116e-03,6.816157275180787650e-03,8.194852042593570030e-03,7.148678199499540475e-03,6.799080820228569841e-03,1.024860478309120963e-02,8.498676367529239828e-03,1.274706240668806168e-02,7.818797861564143539e-03,8.005648006251586679e-03,7.522738862940810990e-03,7.178265807282424582e-03,7.023809507667473813e-03,6.497107048525519769e-03,8.406211988761643980e-03,1.031988372027514700e-02,0.000000000000000000e+00
1.919191919191919338e-01,8.656650622498287401e-03,8.022493377996642999e-03,8.777351536767796086e-03,7.233007673160592003e-03,5.204027286630999276e-03,8.162419984293874456e-03,6.657469489227870081e-03,7.171743163276275701e-03,7.388227121576596695e-03,7.769240632133876667e-03,6.817448202956880726e-03,8.369772995726946357e-03,8.016851002731683121e-03,9.340637023244186682e-03,7.644632103639781816e-03,6.625375461058791160e-03,6.994991065040755650e-03,6.972488795258117815e-03,7.196360191096607024e-03,7.075422248883807275e-03,9.446030912504998003e-03,1.152128465059343819e-02,7.678567574749863012e-03,7.388227121576596695e-03,1.245415191813557462e-02,8.490435795646769992e-03,7.568427842029017659e-03,8.663740531664137698e-03,8.980038975416531483e-03,1.092543362983822326e-02,0.000000000000000000e+00
2.020202020202020443e-01,9.863386842256568338e-03,8.852660617012267710e-03,9.306658906396000561e-03,7.374957626996916753e-03,8.439022455237336559e-03,8.023615145307007313e-03,7.838743521764186123e-03,7.432200212588463244e-03,7.603808256393633849e-03,7.573215961531798088e-03,1.233617039441333406e-02,9.001172145892999063e-03,7.316249038954319300e-03,1.369794145118163366e-02,8.053142243869779518e-03,9.115832381082924693e-03,1.000125492125863297e-02,6.453712110096018577e-03,7.228858831101904643e-03,8.788236455626350502e-03,8.709414446448165287e-03,7.323243816779556430e-03,7.220360101823177813e-03,8.036267790460942945e-03,9.938304684401660580e-03,8.795203238129293763e-03,8.090117428072350972e-03,1.371278235807744418e-02,1.065444038887073709e-02,8.941470796239284549e-03,0.000000000000000000e+00
2.121212121212121271e-01,8.848610060342810418e-03,1.334119559859610164e-02,1.672841893306118918e-02,7.367570834406683873e-03,7.435664059114020785e-03,7.714272486761145596e-03,1.042642795975687840e-02,9.071934744033380293e-03,7.081666470542085680e-03,9.018752685377285847e-03,1.491926271636772293e-02,1.002961115896324265e-02,8.969253034673512273e-03,9.661940798825048582e-03,8.393205585472096955e-03,9.991476367384352977e-03,1.152161013053297316e-02,8.457280886904490133e-03,1.034011121797052957e-02,1.249868393071846585e-02,1.499832990702631638e-02,9.681818011096882115e-03,1.309198227924251307e-02,7.617578355356772503e-03,9.452084426199333991e-03,7.810736200896814356e-03,9.887365675446620900e-03,7.426008349039206827e-03,9.693559717668220888e-03,6.336402764976356225e-03,0.000000000000000000e+00
2.222222222222222376e-01,1.325754125017154263e-02,4.402887575216973132e-02,9.165909665712399998e-03,1.440352734575805344e-02,1.364997802196032950e-02,8.584701509079976228e-03,7.380352295114374524e-03,9.133542576678558775e-03,7.621705845806436494e-03,8.777807243269814333e-03,7.308755023942176479e-03,9.870536966143230589e-03,8.074032449773780803e-03,8.024580985945621928e-03,1.237086900747073719e-02,8.711343180015353183e-03,7.847617472838491759e-03,9.267599473434315685e-03,1.831502115750893375e-02,9.173194645269444614e-03,7.847617472838491759e-03,1.612265486822812496e-02,1.751244985717304026e-02,7.199131892110325823e-03,2.863369343972237135e-02,2.888612815868544376e-02,8.528041979258778327e-03,8.906379735897185929e-03,8.316315289838402749e-03,6.347408920181525291e-03,0.000000000000000000e+00
2.323232323232323482e-01,1.071634265969505055e-02,6.494274401347697664e-03,8.717132556064523252e-03,9.189755165400218667e-03,1.004738274377959574e-02,9.382297160077589585e-03,1.611557011092067809e-02,9.907290245067012710e-03,1.126731556316765137e-02,1.342385935563986631e-02,2.830123672209396493e-02,1.415464234800724308e-02,1.458937969894539416e-02,7.941259345972779063e-03,1.849175762333045772e-02,4.907222839855553131e-02,8.574940233027865746e-03,1.298874897748047291e-02,3.287890509125874355e-02,9.133865556269151961e-03,1.429101465956843751e-02,1.016948376270890124e-02,9.173325460267939616e-03,1.378983683732334757e-02,1.530991835379928029e-02,1.053178047625376486e-02,9.463382059285147321e-03,1.360661603779573028e-02,1.095523162694427184e-02,1.115363617839492012e-02,0.000000000000000000e+00
2.424242424242424310e-01,2.001399510342700278e-02,8.432194257724378791e-03,1.363121417922849576e-02,8.410535060268162222e-03,1.361396341995967096e-02,1.738568088974372025e-02,4.170164864846472030e-02,5.641100867738495228e-02,1.626880143095981238e-02,1.502123829782351684e-02,1.162701595423348659e-02,1.389625312809175950e-01,1.545924965837605115e-02,1.003459515874955549e-02,9.307502350254874199e-03,1.094953880307294146e-02,8.819197469157835645e-02,5.814602307982894708e-03,9.333273809334000429e-03,1.809827339831067763e-02,9.466724618367219901e-02,9.205433178292046770e-03,1.749621673391136764e-02,8.449828400624477542e-03,1.771016374853716727e-02,1.792476220204887449e-02,9.234955332864365832e-03,9.986991538997116655e-03,7.940558859425450589e-02,9.344918405208254772e-03,0.000000000000000000e+00
2.525252525252525415e-01,9.260907083002183765e-03,8.584847115703342357e-03,1.217301934607844215e-02,9.249318893842940065e-03,1.775291243711859049e-02,2.210520300743696112e-02,1.272762350165968642e-02,9.937524842736243300e-03,7.952986860293434143e-03,7.997068212788983887e-03,1.242507142836611622e-02,8.425740323556144690e-03,1.200940881142781302e-02,7.896860135522218785e-03,3.133687923198479747e-02,8.124309201402909672e-03,1.294005795968472539e-02,1.023528700134979097e-02,9.287173951208193071e-03,1.026389302360463870e-02,2.263426605834614053e-02,8.773021144394899454e-03,1.105171479907077724e-02,1.210424124016040992e-01,1.074788816465820952e-02,5.103126492651342827e-03,8.813733601601538362e-03,2.126593520163174225e-02,2.147557682578049229e-02,2.454619318753928359e-02,0.000000000000000000e+00
2.626262626262626521e-01,8.502728973688389660e-03,1.115334478979288294e-02,9.544024308435096818e-03,8.852931717798346450e-03,8.772109210446483313e-03,1.061943501321986616e-02,1.097571865528631369e-02,1.101487630434404806e-02,1.080585026733204244e-02,1.024736063579300381e-02,8.694659280270848611e-03,1.024020995878502545e-02,1.238900722414834968e-02,4.825067357042800431e-02,8.259894430318102942e-02,2.821063629200873044e-02,5.978921307393165498e-03,1.315399178956714980e-02,9.802265044366020516e-03,9.996254298486008036e-03,7.991470452926670645e-03,9.848345038634664581e-03,8.890016872874877130e-03,9.362024353738885446e-03,8.215838362577490214e-03,8.920448419221984476e-03,9.898989847454131574e-03,7.319453531514493079e-03,6.422460276249281064e-02,1.388284909519656440e-01,0.000000000000000000e+00
2.727272727272727626e-01,1.025227291872392484e-02,9.232551110067032177e-03,9.503073187132676444e-03,8.843409975795536379e-03,1.023955077139617614e-02,8.877719301712574257e-03,8.961802274096432666e-03,8.785049800655657729e-03,8.912524894775890327e-03,1.302770509337695948e-02,8.872851852702151251e-03,1.220834141069129797e-02,9.815390975401846324e-03,1.274251152638285721e-02,8.603923523602473311e-03,7.873823721674243215e-03,1.163702711176699094e-02,1.021897744395201292e-02,8.411397030220367152e-03,1.062090391633405302e-02,1.215836748909984374e-02,9.090786544628578353e-03,1.600343713081661332e-02,7.194275502091923569e-03,1.075962824636613607e-02,1.249596334821769655e-02,9.455257796591270275e-03,8.504886830522790861e-03,9.339566371090256280e-03,8.848022377910219269e-03,0.000000000000000000e+00
2.828282828282828731e-01,8.117505774559080622e-03,9.907794911078852268e-03,9.125809553130066407e-03,1.838014961854228177e-02,1.751035122434727379e-02,8.825735096863037907e-03,1.492782636554967381e-02,1.416391188902274903e-02,8.140614227440090209e-03,1.062872993353392199e-02,8.941426060757869804e-03,1.708064401596146031e-02,1.066588486718284511e-02,8.544817142572448329e-03,8.345124325017574257e-03,1.182682966817396979e-02,1.224749362114551168e-02,1.540349311033052671e-02,1.474610117963389040e-02,1.075139060773070560e-02,8.836713189868731361e-03,9.855942369961383925e-03,9.623408959407263666e-03,1.001735993163867591e-02,9.254058569082001043e-03,9.276265412330546994e-03,9.364101665402827998e-03,1.111530476415289320e-02,1.320064771138143925e-02,9.101049390042885087e-03,0.000000000000000000e+00
2.929292929292929282e-01,1.272503045182996929e-02,8.399113048411718796e-03,9.429374316464482139e-03,1.195156893466292961e-02,1.117953040158664417e-02,8.870535496800628986e-03,1.195133465350209367e-02,9.419612518569965565e-03,9.082202376075970002e-03,9.707090192225474937e-03,9.114296462152194148e-03,9.178867032482822264e-03,8.677465067633519102e-03,1.163829454860118226e-02,1.484068394650327541e-02,1.442087375993563077e-02,9.859913792726588896e-03,9.518503033565731131e-03,8.862279616441809740e-03,9.033249692109701287e-03,9.463212985027865190e-03,1.040643550885700722e-02,8.565885826929985070e-03,9.453777022968122210e-03,1.175786970501034243e-02,8.566323598837485495e-03,1.048127377755203940e-02,1.210359863842155187e-02,1.751529617220331028e-02,8.584777224832336809e-03,0.000000000000000000e+00
3.030303030303030387e-01,1.186128154964715548e-02,1.260342810508315731e-02,3.447226067434510655e-01,8.649069314093857375e-03,9.004998611882180509e-03,9.326842981416593945e-03,1.134283915075939148e-02,1.004909946214087475e-02,9.612590701782740277e-03,1.102649536344164037e-02,8.600441849114497800e-03,1.107023034990690762e-02,9.959638547658243232e-03,7.788266816179323197e-03,7.253819683449540777e-03,1.031733977341058560e-02,1.021690266176594232e-02,8.151190097157591866e-03,8.077970042034076162e-03,3.636176633498433564e-01,1.140822072016491051e-02,1.168544393679589628e-02,1.468543070529427508e-01,9.140344632452324786e-03,9.614962298418024134e-03,1.318538584949261253e-02,1.212143143362201872e-02,7.426546976893097680e-03,3.534272909666145157e-01,8.854354860745077688e-03,0.000000000000000000e+00
3.131313131313131493e-01,1.150528574177973190e-02,9.375051999855787271e-03,3.421241464731771820e-01,1.047501312648342273e-02,1.203460011799312168e-02,1.075064649218827363e-02,9.232957272726870571e-03,9.265527507918801600e-03,3.784664660177966544e-01,8.834449615001490133e-03,1.091804011716388662e-02,3.701806957419578881e-01,2.552643617898903150e-01,8.778382538941897559e-03,1.167261752992875337e-02,1.039472943370821877e-02,9.392864312870702337e-03,1.166068608616148243e-02,1.188906640573598496e-02,9.332545204819530510e-03,1.014484598207385409e-02,1.095399470512926562e-02,2.375519783121159412e-01,1.091978021756848452e-02,8.932883073230053067e-03,3.330171160766365324e-01,1.184119504104209908e-02,1.004029880033457944e-02,1.137745138420727387e-02,1.520994411561068030e-02,0.000000000000000000e+00
3.232323232323232598e-01,3.726262217021233392e-01,9.664838332843442292e-03,3.406590671037540430e-01,1.022694480282356974e-02,8.625450712861328778e-03,3.207296313096125173e-01,3.728222906426063021e-01,3.165456308338499003e-01,9.705235700383580549e-03,2.786091821889580267e-01,3.640845191710297968e-01,8.346256645946133201e-03,5.157237632686707991e-03,1.080555412739207799e-02,9.150278684280605673e-03,3.411967373818219906e-01,7.170906497786733169e-03,6.721093661004881939e-03,9.353095744190796298e-03,9.201086892318756025e-03,9.405163475453255997e-03,9.060772593989985593e-03,9.389669855751053146e-03,1.044153245457772779e-02,3.373060241086719979e-01,8.288329144043447838e-03,3.616006637162050841e-01,9.071582000952203503e-03,1.164106524335294796e-02,3.569978313659621927e-01,1.311534631242411431e-01
3.333333333333333703e-01,3.782809305265070199e-01,3.798407171433836327e-01,8.551233829103258369e-03,3.607263687339753999e-01,1.030108732124914925e-02,3.424663452078174908e-01,3.393240981716447724e-01,3.772806079034542459e-01,9.445718606860992531e-03,9.937987723880523788e-03,3.335452227209977361e-01,3.435413518049901249e-01,3.660228511992113520e-01,3.650790330873576739e-01,1.129753955514208562e-02,3.548534001527954840e-01,3.551595556929307840e-01,1.031799883698384691e-02,1.072042443189634084e-02,3.674960368493788709e-01,1.208718329471345290e-02,3.703390796283859698e-01,3.548027480164154812e-01,3.536692098557633890e-01,1.161851969916994146e-02,3.399143143499550046e-01,3.769276231586111692e-01,3.458258787309012039e-01,3.398820117334837576e-01,3.719432670448546419e-01,2.537066115003938638e-01
3.434343434343434809e-01,3.371236086363575413e-01,3.105684882598361840e-01,3.377933593189777484e-01,3.918013602579755728e-01,3.565228815938746854e-01,3.802024822380832281e-01,3.350551297920985050e-01,9.276524133531912492e-03,3.460639536270716521e-01,3.530191700177201519e-01,3.454304959033003830e-01,3.649294631843255088e-01,3.483514229912086368e-01,3.392248922175375436e-01,1.033186817569794677e-02,3.377378415280111734e-01,9.335716362443752941e-03,3.174195734355397813e-01,3.459894696374443135e-01,1.211981435501385991e-02,3.901827294999100637e-01,3.466466897288938975e-01,9.445268656846136229e-03,3.478588591656104345e-01,3.364736451789351879e-01,3.820071385458653768e-01,9.879858298578984496e-03,3.366376537168710992e-01,8.748777057394937010e-03,2.944123766080495863e-01,2.683530170707668083e-01
3.535353535353535914e-01,3.823118981930852534e-01,3.675310156979951781e-01,3.816525121101654316e-01,3.526393489104697188e-01,3.783552926813631423e-01,3.675803525761408563e-01,3.803647106396701449e-01,3.901614408164907344e-01,3.368846977824905831e-01,3.702751814529296470e-01,3.335988854897449785e-01,3.690499391681293928e-01,3.602123962331112983e-01,3.505187207553970286e-01,3.504571327566325945e-01,3.760810917873962933e-01,1.016531357115952293e-02,3.193025353798494281e-01,3.459463750352068101e-01,3.524789832032542702e-01,3.513675390527702391e-01,3.696463775015251252e-01,1.152098520092791241e-02,1.028888234940996890e-02,3.821300700023487762e-01,3.815442667633730522e-01,3.325763483773312434e-01,3.702821728087918873e-01,3.677572366385194469e-01,3.497049876681772584e-01,3.267462230201286233e-01
3.636363636363636465e-01,3.575099186036661547e-01,3.787428019117987099e-01,3.635359925784515944e-01,3.472594619301250796e-01,3.715859125424428311e-01,3.644211706254179561e-01,8.696039328337930654e-03,3.771175912099566929e-01,3.837908413446052824e-01,3.908298944553755261e-01,3.601411256715900122e-01,3.542211641051392634e-01,3.286954327337086590e-01,3.687482360635776502e-01,3.647756125346101053e-01,3.811274374799064057e-01,3.930042975591997445e-01,3.846240620398052590e-01,3.766891688116343895e-01,3.668293178032530633e-01,3.563967647159552721e-01,3.871662304488861506e-01,3.832102946164155366e-01,3.650737047501503851e-01,3.689916870337324739e-01,3.525461530069503024e-01,3.861995094507501003e-01,3.320007373485788227e-01,3.584456905864540910e-01,3.492038659579816406e-01,3.553860039082819000e-01
3.737373737373737570e-01,3.589143177695757192e-01,3.736433779688862478e-01,3.592314156640535328e-01,3.513014864756481281e-01,3.747765915849067819e-01,3.857179518767566706e-01,3.700213880304759062e-01,3.773217772670959813e-01,3.701847553587262474e-01,3.729813593197386368e-01,3.674994008158380399e-01,3.824138139502808453e-01,3.836940838741197402e-01,3.592510647165850779e-01,3.782068486952609443e-01,3.836699185497867148e-01,3.847625340388535764e-01,3.785628143386510214e-01,3.510514173166090490e-01,3.691545934970876242e-01,3.767080581829913566e-01,1.082062382674862239e-02,3.621916724608670313e-01,3.728274351492926186e-01,3.689846678386515255e-01,3.296312036200456097e-01,3.803889982636196043e-01,3.700717492595185232e-01,3.645467557118016733e-01,3.768975482806965482e-01,3.581809874567722929e-01
3.838383838383838675e-01,3.791545721734078667e-01,3.936420296411449193e-01,3.735787354762045154e-01,3.897147237403278397e-01,3.814934992893063703e-01,3.957940469486624369e-01,3.763413837196222800e-01,3.786261750064303100e-01,3.828287011183983402e-01,3.619899306610612766e-01,3.754146076007165433e-01,3.720849505153359660e-01,3.763534673681112608e-01,3.822980265447364356e-01,3.661079545707796035e-01,3.671864599900164783e-01,3.377701838528676115e-01,3.697617442353927086e-01,3.664039949290946452e-01,3.565166032599323409e-01,3.947947440126324259e-01,3.850334140045510445e-01,3.561708719140294632e-01,3.919993942597360115e-01,3.693614342348155444e-01,3.865330148900608109e-01,3.432017032300393455e-01,3.936346238582170698e-01,3.605245482626668330e-01,3.902876245796169097e-01,3.751534387962638939e-01
3.939393939393939781e-01,3.520212919696761311e-01,3.881380445150925951e-01,3.948662673614954377e-01,3.559727769085720417e-01,3.918605970239927294e-01,3.901343946641977478e-01,3.574320573199891715e-01,3.634340626578636546e-01,3.689091210582898794e-01,3.858397816451797357e-01,4.027517611382971929e-01,3.682256475315102140e-01,3.997148557409394010e-01,3.574591303911539009e-01,3.462667288377559438e-01,3.655127328835480749e-01,3.658328033405424673e-01,3.751392886648904357e-01,3.620255895651576794e-01,3.860436735655694562e-01,3.896685288806371883e-01,3.666263737103483966e-01,3.695860138046352383e-01,3.731620157518714676e-01,3.813958808115263666e-01,3.595167834747078905e-01,3.865607196806215007e-01,3.733815810936580992e-01,3.734393352339841488e-01,3.520010647711168672e-01,3.734306301332274147e-01
4.040404040404040886e-01,3.874762057210739408e-01,3.913534080597740883e-01,3.742795046485981048e-01,3.647823102893011926e-01,3.772165351624978680e-01,3.949732268141728508e-01,3.758585865721308372e-01,3.581541461438077500e-01,4.017268498619429029e-01,3.573006402177303920e-01,3.798123340545959681e-01,3.659344885358580268e-01,3.460695629494162651e-01,3.657891272304304442e-01,3.724370416593923983e-01,3.797538543583198201e-01,4.025680260527405574e-01,3.827006710210997253e-01,3.877730006073141222e-01,3.911513998441012996e-01,3.614532534090680871e-01,4.060518807985009082e-01,3.895006519891847097e-01,3.591726804755617786e-01,3.880981951774576388e-01,3.654891914954531140e-01,3.676319043554299171e-01,3.942077141558749109e-01,3.633501253612003157e-01,3.531625511007643881e-01,3.768409689374264682e-01
4.141414141414141992e-01,3.914221121755898092e-01,3.960901291372962429e-01,3.971747670736397451e-01,3.870011383704187735e-01,3.768272017782155481e-01,3.630614625652245908e-01,3.717467573496774924e-01,3.706457370589873457e-01,3.721924366507197157e-01,3.803312423401474796e-01,3.972501227186720496e-01,3.744402884306121115e-01,3.701481033316258440e-01,3.644390586915732810e-01,4.005040947356219294e-01,3.406610109771883166e-01,4.030424140211548711e-01,3.916431539041630994e-01,3.960755059328965877e-01,4.032339325999239610e-01,3.919165727549678291e-01,4.043927807219114823e-01,3.683676765135616704e-01,3.809402966345251107e-01,4.065116848259099913e-01,4.108100918916184341e-01,3.824765869958577924e-01,3.603982874543107395e-01,4.021292205249451523e-01,3.872495190442462043e-01,3.847707795735067493e-01
4.242424242424242542e-01,3.684236148783082698e-01,3.501375586822984554e-01,3.802345564253727939e-01,3.660771639968819491e-01,4.008466503539726000e-01,4.051128627925802972e-01,3.613543373200326925e-01,3.901681232494525475e-01,3.970544169254385247e-01,3.903704408635469414e-01,3.728090578298762225e-01,3.910732078524429278e-01,3.903107766895502762e-01,3.813842713065130896e-01,3.845657107699540500e-01,3.828877970110826090e-01,4.106566666937236376e-01,4.008299483571555744e-01,3.847578587891350432e-01,3.978462140073724118e-01,3.972242000432501530e-01,3.995097339239683798e-01,3.986395077008800802e-01,3.693064411840118466e-01,3.821659398742907610e-01,3.944415387608156132e-01,3.696954065173112536e-01,3.972274425313537805e-01,3.757957608861494658e-01,3.930942507847195455e-01,3.861333819000479783e-01
4.343434343434343647e-01,3.950085683880794063e-01,3.870617294437671552e-01,3.550367727433314524e-01,3.661207630004066904e-01,3.848796871750962967e-01,3.953501752876808495e-01,3.882669360118113366e-01,3.691848289136486216e-01,3.875267882353425342e-01,3.995829781159352390e-01,4.007433356900648169e-01,3.779540579223882313e-01,3.981643091739890949e-01,3.969875816697544524e-01,3.907061883308223238e-01,3.799250835362150136e-01,3.823683433549383004e-01,3.962213265335423618e-01,3.977104186465323377e-01,3.872813048676633785e-01,3.943755950867142701e-01,3.925363192113565103e-01,3.946798625468494470e-01,3.852967433031325717e-01,3.929976410870680836e-01,3.825460676833575824e-01,3.884948209436001609e-01,3.985841512152734634e-01,3.773389001945068322e-01,3.757865835816920352e-01,3.872905953964853043e-01
4.444444444444444753e-01,3.959032168346198199e-01,4.079446437937382375e-01,3.957851057076301471e-01,4.069508446974892668e-01,4.110928878003121123e-01,3.846911878377252125e-01,3.808370742194094327e-01,3.732889597885262756e-01,4.012995140789482607e-01,3.935635953692872002e-01,4.127712712871379197e-01,4.103535903339947666e-01,4.049858835811440683e-01,4.062213006478118671e-01,3.829479343200587471e-01,3.912773771891240315e-01,3.524177044360853328e-01,3.828731710370942287e-01,3.985078944011021251e-01,3.960645011863597742e-01,3.845613681845850840e-01,3.625743372054894831e-01,3.985046773878569981e-01,3.774435592244223536e-01,3.993078104670630957e-01,4.048160569937906961e-01,3.971044069259367926e-01,3.907522195714312474e-01,3.957617055754636959e-01,3.986731162243072335e-01,3.933092305435981206e-01
4.545454545454545858e-01,4.094184669748056060e-01,3.991140512435010779e-01,3.849386881050019804e-01,4.061525943534031180e-01,4.048056890657541484e-01,4.002777599367718930e-01,4.007791391776772127e-01,3.980180543643717650e-01,3.943267014798769177e-01,4.189277150058228760e-01,3.971489770854256807e-01,3.835376414382296595e-01,4.005724926901496619e-01,3.802134300626425767e-01,4.139556897785076073e-01,3.821735065385878372e-01,3.951562850316314712e-01,3.769072198830900611e-01,3.970125821683740397e-01,3.939395663042746243e-01,3.856869326280059074e-01,4.002070437910857370e-01,4.114536348119919307e-01,3.868114010729259422e-01,4.003013739671648641e-01,4.025908101285969320e-01,3.781310210760286394e-01,3.998913776264749198e-01,4.128586663738573193e-01,3.975991673784038394e-01,3.970969226514144967e-01
4.646464646464646964e-01,3.965733822383948337e-01,4.010678320434088451e-01,3.821543367541443970e-01,3.975909298512731449e-01,4.154228284531316095e-01,3.990020394684719029e-01,4.096248394567887918e-01,4.022723548791291015e-01,4.080030225378238895e-01,3.575333069799231933e-01,4.039984336603299475e-01,3.925732149548667449e-01,3.965113207715512678e-01,4.095600878991994542e-01,3.931243155796904087e-01,3.953251011509388291e-01,3.845503622414104816e-01,3.973811439915084787e-01,4.057174942000899009e-01,4.042884043600558086e-01,4.114905212760069930e-01,4.070971014389564435e-01,4.173397177360429477e-01,3.940930878612310950e-01,3.986011634453667796e-01,4.012505157629083774e-01,4.207695716184809420e-01,4.029876944771390579e-01,3.932958636955135590e-01,4.138401308476499230e-01,4.004346706543808199e-01
4.747474747474748069e-01,4.055835963152356061e-01,3.918520653256787334e-01,4.105966647453434537e-01,4.009389549544917775e-01,3.657641376625105911e-01,4.041561147626001049e-01,4.068949304181608828e-01,4.110744325544949396e-01,4.035528638233161769e-01,3.806257038088731171e-01,4.103784443656854908e-01,3.917151179109634174e-01,4.101728195529293908e-01,3.859894624209319058e-01,4.082591338843504225e-01,3.912509936089619833e-01,4.155796944028906648e-01,3.902432435033308944e-01,4.214642333579446398e-01,3.927423155199856741e-01,4.035266398888677775e-01,4.166882786928377547e-01,4.075390605819275702e-01,4.035432819413550809e-01,3.963570434595555247e-01,3.851307824622695608e-01,3.968430393745113749e-01,3.991484810192818533e-01,3.823420384943303496e-01,4.107331906481384021e-01,4.000228919820585372e-01
4.848484848484848619e-01,3.905251411881186518e-01,4.089679541235474725e-01,4.100078412664811545e-01,4.194865318457792758e-01,4.170704557985376870e-01,4.119921970134871048e-01,4.093272787147223535e-01,4.166499653186112595e-01,3.898024196949013698e-01,4.101200159709350035e-01,3.913421009807148132e-01,4.034720431454947853e-01,3.796674664755988471e-01,3.905751430902893451e-01,3.986245445278049915e-01,4.160988886070233206e-01,4.014337076031359031e-01,4.063025074990308516e-01,3.763830829088894991e-01,4.085958114078018788e-01,3.921551319312294726e-01,4.084004332759699762e-01,4.111997435553674807e-01,3.919050235707626229e-01,4.041580156324998119e-01,3.996657477192659957e-01,3.901273069140379635e-01,3.709656602705970196e-01,3.967517454277926792e-01,3.989099240430100113e-01,4.006894609840480626e-01
4.949494949494949725e-01,4.019655278752147232e-01,3.987219305480951270e-01,4.036597160976061471e-01,4.036820802314613488e-01,3.999005490118761608e-01,4.017268445100476426e-01,4.105461575754911219e-01,4.019710510720890251e-01,4.139202545177029791e-01,4.037639819250845585e-01,4.088705627701754719e-01,4.009171984337913108e-01,4.071934154673918504e-01,3.965820040042160044e-01,4.119013478977703313e-01,3.943736446569420240e-01,3.817805097172981554e-01,4.120531756945940427e-01,4.019604129762033851e-01,4.101998883471325019e-01,4.130486018618148014e-01,3.989688504131619351e-01,4.154570075230408222e-01,3.983489550632711707e-01,3.854541958521141565e-01,4.110188816830681602e-01,4.116006700674817997e-01,4.071422999394683218e-01,3.987560069766974413e-01,4.130288090436307069e-01,4.039504843917978150e-01
5.050505050505050830e-01,3.972770412445199573e-01,4.043731242305798612e-01,4.178111267067932122e-01,4.100483893395998058e-01,3.941380137718258903e-01,3.953636295867387629e-01,4.078167052733372433e-01,3.859592303598917140e-01,4.058073310082015439e-01,4.128091573596690544e-01,3.977827467349482338e-01,4.095416680876318161e-01,3.850502952862132067e-01,4.150879906718574208e-01,4.138536189282389088e-01,4.098042619348901128e-01,4.165329038623479252e-01,4.058729954061984224e-01,4.231464846834958604e-01,4.103245179123470310e-01,3.820097595611923746e-01,3.900743645768073309e-01,4.013194850739246200e-01,4.207682700727325420e-01,4.026476002660390741e-01,4.053362066235879357e-01,3.962527570881999583e-01,4.174915093747416650e-01,4.093080570914772176e-01,3.894943916155917951e-01,4.044367877911207443e-01
5.151515151515152491e-01,3.925826134713558679e-01,4.015917293720078773e-01,4.044945804334094674e-01,4.133443043033253050e-01,4.055024014725436832e-01,4.231443265600993153e-01,4.073105203649913242e-01,4.091628051277388933e-01,4.051688876258887073e-01,4.145975827232956656e-01,4.105806876851370024e-01,4.071778101763405266e-01,3.999126678413675862e-01,3.975346197502803713e-01,3.937531839871266093e-01,4.113874498571875593e-01,4.119381186537608985e-01,3.980515387484389045e-01,4.059863804365855811e-01,4.134023120399787365e-01,3.991046729869245913e-01,3.953385764126743918e-01,4.087921255357054862e-01,3.778735993688895345e-01,3.932401905960274391e-01,3.883239980995251139e-01,3.999192148421978343e-01,4.171247701827356380e-01,4.117787137529088093e-01,4.209163760178499247e-01,4.046345586142098827e-01
5.252525252525253041e-01,3.964370662539011270e-01,4.075467335165379179e-01,4.065120913330869112e-01,4.112668208110155654e-01,3.842384648886678078e-01,3.991670240638622857e-01,4.080316285534737464e-01,3.932227454001103184e-01,4.083125964258266238e-01,3.997530842907906501e-01,4.037093508949229359e-01,4.065478140391361461e-01,3.987440054721825833e-01,4.042264576941989040e-01,3.828524864748823475e-01,4.049934738980370263e-01,4.039026273744700246e-01,3.959948407492198674e-01,4.035556807926261591e-01,4.133347915431266895e-01,3.915951153934379425e-01,4.024979168890194248e-01,4.056991515889575850e-01,4.133864742586530472e-01,3.958586387840992704e-01,4.094568030940504699e-01,4.118211315607784306e-01,3.957555225135841459e-01,4.277608766589109379e-01,4.153526424618002033e-01,4.033844685891121440e-01
5.353535353535353591e-01,3.967589861616243052e-01,4.121647903448328321e-01,3.875655138166965163e-01,4.069962181642478027e-01,3.884873259193921680e-01,4.081830305144985016e-01,4.191434860522109673e-01,4.083962727547841287e-01,3.933629971158954519e-01,4.212264563153648722e-01,4.082801641030335271e-01,4.138714853671365823e-01,4.019065178620521150e-01,4.288632298297442302e-01,4.192286722064700877e-01,3.870559611994110472e-01,4.093035152548778477e-01,4.294496267317041149e-01,3.907229965077561595e-01,4.213747709581104339e-01,4.091241136867881933e-01,4.018876330518270645e-01,3.999639288735922782e-01,4.146123995975035670e-01,4.072056997390876010e-01,4.118729196002087201e-01,4.021430057827687921e-01,4.128933935049093895e-01,4.173608715488312249e-01,4.156982458466718100e-01,4.081701409470677167e-01
5.454545454545455252e-01,4.156863398044251534e-01,4.020170016305280591e-01,4.132667577969464379e-01,4.162258252439413053e-01,4.110912466837502444e-01,4.003359843931094675e-01,4.214887286749195994e-01,4.129214379273616897e-01,3.875625812691416150e-01,4.211423629843000782e-01,4.201607276983416739e-01,3.866753774162507984e-01,4.138118503619730437e-01,4.206175845111566614e-01,3.995266292751960546e-01,4.125094921332113640e-01,4.166839688540944775e-01,4.091502016374915507e-01,4.207990275654163170e-01,4.164616759078799135e-01,4.156081163788791777e-01,4.097628019964720814e-01,4.026449150306011249e-01,4.232276059049078221e-01,4.029786707755138586e-01,4.213357003625494146e-01,4.136572039744987328e-01,4.228470497709544418e-01,4.024334592202790106e-01,3.918430107836555210e-01,4.108157778655915915e-01
5.555555555555555802e-01,4.131738297617602029e-01,4.286389837613933107e-01,3.830644854329359750e-01,4.282519113792722099e-01,4.076603315261370653e-01,4.178980617327627822e-01,4.020825053393892734e-01,4.086876993500049293e-01,4.148572164010166929e-01,4.222063140219482480e-01,3.879636766502761458e-01,4.065846355926401867e-01,4.025906263190934808e-01,4.229265775521798276e-01,4.109288467606040385e-01,3.853204758379704664e-01,3.997737985411250472e-01,4.091631826056689181e-01,4.285983779717324471e-01,3.969360270874892627e-01,4.107417060635552009e-01,4.039762778926505038e-01,4.136085971060079469e-01,4.212851114150605314e-01,3.964229559447838280e-01,3.935872360735291897e-01,4.233388584810045541e-01,4.134467147045674529e-01,4.192520076278705154e-01,4.156626155910583820e-01,4.096209881508496298e-01
5.656565656565657463e-01,4.077639605212800000e-01,3.957417622642320776e-01,4.223725695402105740e-01,4.157491041481629068e-01,4.047676690399073518e-01,4.160460718478182773e-01,4.198785062372209498e-01,4.230949945343243646e-01,4.041049992266861346e-01,3.787799196103193711e-01,4.234521503074462068e-01,4.122631066442885017e-01,4.105248026611790224e-01,3.993162260665097940e-01,4.223260374402695860e-01,4.165761515017392114e-01,4.140172280231826374e-01,4.089669160213328936e-01,4.186577689473826025e-01,4.120947069546028185e-01,3.980124867387956900e-01,4.305205923065701379e-01,4.012474721415699719e-01,3.981192228466241545e-01,4.134935278816344595e-01,4.038022535845979810e-01,4.067778601399048566e-01,4.262776353504837412e-01,4.136219409073942921e-01,4.226513857779245487e-01,4.113673009737864872e-01
5.757575757575758013e-01,4.031822182338898886e-01,4.190911560746659603e-01,3.997092356951487679e-01,4.142128065378954394e-01,4.051420307743939797e-01,4.266657473948430312e-01,4.118202525374389800e-01,4.232391517806451953e-01,4.123487960452897894e-01,4.017045680596624813e-01,4.036575800105827172e-01,4.044511461227424665e-01,4.278388690850797316e-01,3.951899108023887996e-01,4.275189908062564381e-01,4.181572932521923081e-01,4.228874384514157980e-01,4.267955167290303220e-01,4.038753045186100343e-01,4.216353168319750266e-01,4.166984041246138415e-01,4.071885974582293843e-01,4.136848965094084840e-01,4.099588587895131586e-01,4.184572058167955744e-01,4.072292843104484139e-01,4.361610861826167307e-01,4.320621594169061219e-01,4.165412223297953465e-01,4.182682836410143157e-01,4.148457776107828954e-01
5.858585858585858563e-01,4.194242439344678663e-01,4.098001830160645786e-01,4.103245606833693104e-01,4.127496941246595608e-01,4.247716991514382534e-01,4.162877485586141679e-01,4.209241290303989969e-01,4.185439121525960093e-01,4.185771522670581613e-01,4.167762042151639257e-01,4.116749604967492315e-01,4.168758395493795121e-01,4.163869569282880323e-01,4.110590171739332832e-01,4.134971645610160396e-01,3.947419111267512770e-01,4.166735609562958742e-01,4.113630001592267771e-01,4.118396108923957910e-01,4.197080861741884217e-01,4.170491021450591362e-01,3.979318910316185787e-01,4.188905900112820380e-01,4.210901864209138923e-01,4.086517343655842183e-01,4.089245216418305739e-01,4.112197070909904828e-01,3.832376457239032863e-01,4.080613537202463226e-01,4.081677933154452265e-01,4.125074720206310386e-01
5.959595959595960224e-01,4.142067081784166493e-01,3.954482221479823090e-01,4.323465508131179580e-01,4.181573388092094667e-01,4.230855245692057287e-01,4.126669359180596963e-01,4.188973023307741572e-01,4.107755195967744410e-01,4.184223803765759198e-01,4.116437265403178891e-01,4.049799860486935077e-01,4.245373777419368388e-01,4.237878076349058665e-01,4.309669922395449326e-01,4.088560695403701262e-01,4.063918516653600155e-01,4.240578699894625991e-01,4.047645236430683080e-01,4.250880956931162857e-01,4.165515555126400038e-01,4.192165191163153559e-01,4.210982093288927475e-01,4.032306380968588844e-01,4.094550000915851973e-01,4.097273165167292230e-01,4.068253807224913032e-01,4.245205694663098384e-01,4.239411298753636981e-01,4.197092177925092482e-01,3.919407991010887549e-01,4.151765706365891928e-01
6.060606060606060774e-01,4.256427867355442318e-01,4.136930353535094307e-01,3.873662070960759984e-01,4.113399386152528647e-01,4.255668318842529274e-01,4.172435992319115661e-01,4.136126008718786773e-01,4.070920351714093499e-01,4.182151325573956191e-01,4.144792496615481991e-01,3.941078405715877087e-01,4.063309649780582067e-01,4.258500069273217226e-01,4.066311198125396875e-01,4.139993942024553508e-01,4.202150129398043998e-01,4.143411902044014661e-01,4.290508103942934914e-01,4.243340966738355369e-01,4.284075162739327536e-01,4.294203370824442034e-01,4.214982954888429889e-01,4.223710808045456067e-01,4.089544106621176844e-01,4.173428954708586214e-01,4.052932857820371049e-01,4.230747417419291057e-01,4.113281045588788598e-01,4.183674474669366594e-01,4.349918969360234144e-01,4.163387288717207424e-01
6.161616161616162435e-01,4.224912396724930796e-01,4.231751155254760421e-01,4.113854847949791060e-01,4.242188510662863177e-01,4.319306401495499603e-01,4.203661380273154280e-01,4.286702256980300385e-01,4.237807049642539070e-01,4.109453389442445093e-01,4.202990929088474270e-01,4.216045866685987353e-01,4.103943347562195587e-01,4.201817421069125591e-01,4.270019184968610881e-01,4.299461477906273421e-01,4.202937858212990596e-01,4.209239288755154407e-01,4.247801524318197131e-01,4.268034323901343519e-01,4.188778909181051224e-01,4.253757632964059732e-01,4.181573622453633177e-01,4.031823432393834561e-01,4.234502922421946036e-01,4.208886551096382433e-01,4.241683745872621980e-01,4.197570643836742166e-01,4.383905468871334699e-01,4.117396287704159774e-01,4.276157854897314481e-01,4.216932189419591026e-01
6.262626262626262985e-01,4.071709586893446642e-01,4.335102909966497831e-01,4.164205403195188060e-01,4.138034190288910619e-01,4.119242095337442011e-01,4.123699169435132150e-01,4.145231477251903884e-01,4.224300278152584021e-01,4.356101783705242925e-01,4.238325428751312796e-01,4.303934032951713395e-01,4.154618484289501756e-01,4.136955503749103480e-01,4.133270582722597397e-01,4.195174470746120821e-01,4.236032336987053948e-01,4.331858049382504849e-01,4.208323181505907451e-01,3.948792347034723593e-01,4.246880844808340050e-01,4.298335608116239381e-01,4.158526752348720712e-01,4.235517413492713157e-01,4.171063293693827445e-01,4.244115986869350099e-01,4.317279443121559424e-01,4.254961926974200614e-01,4.163562844487879167e-01,4.279678365251295413e-01,4.243328941998251169e-01,4.205938757783642123e-01
6.363636363636364646e-01,4.354457370327559085e-01,4.180621370083638100e-01,4.268514564810573786e-01,4.135294401853391588e-01,4.219206579441210359e-01,4.143359857651758293e-01,4.225253217264025585e-01,4.126382657970537604e-01,4.010523003300193179e-01,4.119347186144911577e-01,4.195624238417925422e-01,4.137378410297999354e-01,4.256209133724516702e-01,4.249939039562802834e-01,4.210187381815683749e-01,4.313127379292199803e-01,4.095625787349230218e-01,4.212737232489109362e-01,4.252721739074871166e-01,4.018319569173163242e-01,4.245630802366122114e-01,4.319773586659375053e-01,4.053540200861464049e-01,4.207513368962717548e-01,4.033486650529539141e-01,4.225717854992214195e-01,4.278698469160920337e-01,4.214053311243226019e-01,4.169593672050071476e-01,4.234636768366325521e-01,4.190249160174576160e-01
6.464646464646465196e-01,4.246183109570287884e-01,4.360963988615361164e-01,4.271662201064124753e-01,4.239413708285616478e-01,4.245648529965710960e-01,4.139090378331934938e-01,4.149524226944578675e-01,4.147119964505487921e-01,4.118180757324768071e-01,4.267455048386567529e-01,4.179760801768445666e-01,4.173325018495444017e-01,4.184668402633594519e-01,4.225253085910949391e-01,4.201372845868359684e-01,4.013057806710488840e-01,4.001818556606484001e-01,4.122164872976334382e-01,4.356730154599892657e-01,4.089569927266191174e-01,4.146062318634393118e-01,4.308017431487481952e-01,4.243578323773463667e-01,4.211573733178607948e-01,4.279225952202103667e-01,4.268922930904234248e-01,4.261534018402293733e-01,4.397162788662707378e-01,4.210306877176531737e-01,4.190875768857865169e-01,4.208340784303677418e-01
6.565656565656565746e-01,4.173910898665662561e-01,4.214236438549692765e-01,4.195079044547313507e-01,4.286974339787911203e-01,4.210990870329689995e-01,4.312065811186095443e-01,4.234016693401196352e-01,4.216924959019308639e-01,4.179362271926185257e-01,4.367298070890055506e-01,4.161562777371020094e-01,4.166860237636966779e-01,4.199848534173584169e-01,4.320059836391158536e-01,4.215115471727909902e-01,4.205708672744701837e-01,4.247636665252808030e-01,4.257560159293112823e-01,4.378712509402734598e-01,4.239448901685218263e-01,4.307816684818424613e-01,4.239427011991125371e-01,4.248929835852787718e-01,4.122315585929829940e-01,4.149129455681034861e-01,4.327804219231733973e-01,4.294149362795849356e-01,4.144627360813031847e-01,4.082000581822594620e-01,4.322596991393021226e-01,4.234072341810391493e-01
6.666666666666667407e-01,4.242374659315228391e-01,4.187087770754274740e-01,4.195886456995708280e-01,4.147900311000735640e-01,4.341474864605345263e-01,4.332005700596434083e-01,4.157609258937159935e-01,4.205813338701564486e-01,4.305527436911765760e-01,4.196019870067347890e-01,3.921894607201983907e-01,4.049503390540623027e-01,4.298135515546246954e-01,4.209892249214937099e-01,4.203578551662856544e-01,4.233865244667099903e-01,4.221076403004332955e-01,4.053984538697699147e-01,4.336537027398705280e-01,4.161180053782820853e-01,4.301872782870270195e-01,4.159684626266755836e-01,4.236786370587972139e-01,4.297787575020431405e-01,4.168912782728849686e-01,4.314164512394027540e-01,4.385567205048852002e-01,4.270158596586314248e-01,4.193927557791145011e-01,4.220585177436891877e-01,4.218359814544478947e-01
6.767676767676767957e-01,4.114556514376731533e-01,4.159917383795019297e-01,4.101940871099923336e-01,4.045673515003403442e-01,4.238312961544958846e-01,4.266844107768644756e-01,4.266133072232979329e-01,4.365034949459167257e-01,4.266342442889459186e-01,4.316288261921346625e-01,4.349163012580696264e-01,4.177144867011437501e-01,4.270718294385618119e-01,4.258858527821745010e-01,4.252895976860943672e-01,4.263887704900305997e-01,4.067481052199259928e-01,4.164239997886768907e-01,4.223152446928715720e-01,4.267408200535777185e-01,4.244204249326368195e-01,4.235275220100813698e-01,4.296200046552767216e-01,4.414827126853326233e-01,4.217154703114411318e-01,4.096563656285595045e-01,4.259079224433375277e-01,4.313717398022267058e-01,4.138659256329276226e-01,4.237749179694333956e-01,4.229647474063849000e-01
6.868686868686869618e-01,4.198319230358739662e-01,4.228351464814626981e-01,4.354509405202841021e-01,4.274618116276587831e-01,4.271643894333889691e-01,4.227394558117328338e-01,4.215064962725960096e-01,4.108293868505513702e-01,4.274536198232505302e-01,4.172395709900967864e-01,4.223133485931980236e-01,4.210315972703236320e-01,4.109491408921546740e-01,4.179587654302754363e-01,4.139115484013462520e-01,4.233753847355795075e-01,4.190389103651354086e-01,4.315348254776200099e-01,4.178924258705821737e-01,4.217339346080654638e-01,4.318934233118165711e-01,4.199449272226061791e-01,4.264657974562555132e-01,3.999506583317496977e-01,2.912789425962680201e-01,4.103227856212716129e-01,4.302605465296580056e-01,4.039914448351598630e-01,4.104099242221123656e-01,4.260139462505893038e-01,4.160928339622887995e-01
6.969696969696970168e-01,4.178664858540344640e-01,4.258500058706116698e-01,4.264664670287688919e-01,4.303942233580743681e-01,4.249931551213501635e-01,4.265215896059659229e-01,4.115276684501298354e-01,4.376462967968539619e-01,4.126974199095506668e-01,4.192886093134417513e-01,3.979087252122023854e-01,4.199577991893947426e-01,4.238720589989389831e-01,4.284802141289607014e-01,4.240859365741806442e-01,4.310737081984935548e-01,4.330605597373189397e-01,4.384990740013027799e-01,3.881560840692825920e-01,4.239415689691210520e-01,4.283732338743866941e-01,4.239267743372668873e-01,4.339912326303378420e-01,4.267812520484000616e-01,4.323882149180294232e-01,3.926356747673344083e-01,4.236002932010316524e-01,4.342668547103267218e-01,4.266644839918129484e-01,4.050609554128860035e-01,4.223325540093262886e-01
7.070707070707071829e-01,4.274388143348705760e-01,4.263345653357231702e-01,4.108106584547192019e-01,4.249411366295336445e-01,4.202203320878227233e-01,4.285961684383097769e-01,4.125016310270784858e-01,4.197247912620840071e-01,4.348998242124270663e-01,4.234392729778379549e-01,4.149539322623657100e-01,4.153382891090104945e-01,4.299047643374053207e-01,4.157459525960535696e-01,4.252853690170871892e-01,3.804378971658843311e-01,4.282258628340889772e-01,4.161125612139099927e-01,4.297270943284819400e-01,4.228027890163450486e-01,4.341703195751639432e-01,4.332591053861418740e-01,4.272598534849722518e-01,4.169748360512898211e-01,4.087616097433808826e-01,4.207851255688584979e-01,4.330430014444293096e-01,2.960854098060219930e-01,4.294841789868399928e-01,4.319981799730179262e-01,4.179754442220385835e-01
7.171717171717172379e-01,4.257744392280964352e-01,4.176428110239657765e-01,4.278350317587376050e-01,4.293669996634580377e-01,4.081660018913872978e-01,4.177895330187199052e-01,4.308218193174528365e-01,4.217349812382178986e-01,4.120131516104795222e-01,3.939528327097039928e-01,4.221256754806558820e-01,4.244803807009223662e-01,4.046006024464126050e-01,4.236958106944178626e-01,3.943080141209407419e-01,4.215098001233186231e-01,4.321333936413616073e-01,4.125646445104088067e-01,4.191951873530992967e-01,4.344206597297139982e-01,4.285449440840482516e-01,4.235060154236300334e-01,4.348740391193753885e-01,4.328080474066997030e-01,4.232067575074859311e-01,3.715024213918396434e-01,4.309708941448366359e-01,4.335136080909110512e-01,4.291597003447550907e-01,4.174826917370347834e-01,4.199900296504029407e-01
7.272727272727272929e-01,4.236397096590450717e-01,4.261398478199380779e-01,4.349072342465689633e-01,4.311426236177536286e-01,4.319793462655361349e-01,4.304446533527858665e-01,4.386829464431002967e-01,4.294275048247375715e-01,4.262199873304864384e-01,4.172599448784893861e-01,4.299472212958236894e-01,4.178513951155362061e-01,4.439180252028520623e-01,4.308966655707606730e-01,4.254018658868340963e-01,4.190774719547687432e-01,4.131691135600530362e-01,4.355700288128190323e-01,4.253658438332819647e-01,4.192784368411998641e-01,4.215283472081088889e-01,4.164625998814299179e-01,4.226315539568715196e-01,4.250037581010314147e-01,4.229646197969754717e-01,4.227121531255045306e-01,4.108158346510027426e-01,4.258962920712036082e-01,3.965281048046910284e-01,4.378169096780068492e-01,4.250893346595732702e-01
7.373737373737374590e-01,4.246627956390811587e-01,4.229605015837767379e-01,4.314440306691008087e-01,4.348935483540771196e-01,4.355586279710230158e-01,4.268580582582458538e-01,4.264706877383251382e-01,4.200676964490366871e-01,4.223744512870066803e-01,4.301534855141824765e-01,4.099835484504225636e-01,4.164818808783882775e-01,4.243532608570364517e-01,4.242993258302444892e-01,4.274074789939923402e-01,4.293912494450719541e-01,4.264595497816879854e-01,4.234105048295329632e-01,4.108166105453867623e-01,4.416046733221921095e-01,3.855875012237818811e-01,4.265949220279116605e-01,4.295604548838265480e-01,4.362403551942438118e-01,4.159826499987709925e-01,4.208110715035905947e-01,4.329907735737563712e-01,4.248412922492351140e-01,4.220655611394987794e-01,4.303886544740694875e-01,4.244905067555499456e-01
7.474747474747475140e-01,4.293065351237970728e-01,4.401462405837405223e-01,4.289714297013263455e-01,4.085386884984089639e-01,4.290410585247057540e-01,4.178582132733542620e-01,4.307200106797918759e-01,4.132218730899902548e-01,3.977204388763543874e-01,4.186721313868406735e-01,4.319703230547209394e-01,4.207852896668323739e-01,4.289674881619817692e-01,4.269316304749508628e-01,4.135057528015783634e-01,4.061358712303063667e-01,4.269655728510203807e-01,4.308822419176729368e-01,4.331510382072286114e-01,4.275676437711347089e-01,4.151731686898853524e-01,4.311499896787659991e-01,4.330373280676851344e-01,4.243623527128673190e-01,4.378800520690569464e-01,4.180707476014077772e-01,4.165143819845840700e-01,4.173433467781653694e-01,4.314548619496598181e-01,4.175525685467639248e-01,4.234532756651526730e-01
7.575757575757576801e-01,4.267402488634040036e-01,4.317578824989764530e-01,4.249951646783760584e-01,4.367944111364063797e-01,4.152511365426950762e-01,4.263645401531417356e-01,4.319142275961744826e-01,4.337912843753318204e-01,4.331150050506216154e-01,4.366577721740447782e-01,4.214353401175559011e-01,4.261709675705279698e-01,4.245234121930143711e-01,4.296442448119141555e-01,4.362562103855944229e-01,4.311369735942395809e-01,4.267265797908538771e-01,4.069692444153489297e-01,4.204704726850626573e-01,4.453545880531601386e-01,4.126297003367547234e-01,4.311227393678045972e-01,4.114655362238737735e-01,4.327903945329655278e-01,4.196233085756795878e-01,4.219860443190034949e-01,4.201379897129037255e-01,4.320070391787615427e-01,4.334460953798061067e-01,4.292595722869788633e-01,4.270179375533659227e-01
7.676767676767677351e-01,4.313861263415874059e-01,4.217179630985618544e-01,4.393472790401688477e-01,4.350797043071533698e-01,3.831345267657301767e-01,4.162819424380548305e-01,4.346966596374993719e-01,4.144999728588651955e-01,4.269400421604888085e-01,4.271619439978238675e-01,4.265367907930100455e-01,4.399886674676973808e-01,4.224351996460522507e-01,4.033252894376944675e-01,4.377886351882606664e-01,4.319601438790389158e-01,4.236871887371625456e-01,4.255584044523148535e-01,4.206080687528473971e-01,4.282606536911837125e-01,4.298061994666899088e-01,4.027541457266455294e-01,4.381127995162888977e-01,4.313265301369717530e-01,4.266594120607208884e-01,4.179444460690918128e-01,4.370106863681939569e-01,3.900198743653969236e-01,4.320078314104965345e-01,4.377065893952248876e-01,4.244581239068970779e-01
7.777777777777777901e-01,3.797550646140219199e-01,4.330807181115317039e-01,4.258570483155116326e-01,4.212831114583160952e-01,4.324627614026437250e-01,4.225998508045169522e-01,4.252916382907145354e-01,4.369253724607899403e-01,4.368066075507557877e-01,4.209031689118056807e-01,4.329330779693323361e-01,2.670640964263073514e-01,4.307409489472762143e-01,4.423156108481816062e-01,4.290929823476492544e-01,4.054261826769455235e-01,2.910682607224635010e-01,4.141809357032261718e-01,4.058416207093599182e-01,4.209395918656262392e-01,4.302931879544457661e-01,4.364494930687856655e-01,4.354170620221490262e-01,4.380798644083062632e-01,4.401014069507163118e-01,4.228948723973843804e-01,4.307168298313870380e-01,4.321079152248891164e-01,4.236919138949904462e-01,4.252836083133230693e-01,4.163201601401117502e-01
7.878787878787879562e-01,4.381252582310223298e-01,4.223663760291531677e-01,4.223718422196252598e-01,4.025301393684701523e-01,4.289076725823402492e-01,4.293114855207113556e-01,4.047151436504446420e-01,4.296705016637749064e-01,4.250426824449515806e-01,3.971099942081538492e-01,4.311026842876299892e-01,4.227915770211133073e-01,4.259208230410905793e-01,4.260063595769433831e-01,4.323120002960824659e-01,4.317347259602822285e-01,4.253005378552912608e-01,4.255153547170771877e-01,4.326743759456989080e-01,4.347853809639878331e-01,4.297077453339653297e-01,4.258744880830501178e-01,4.299415792872329223e-01,4.269559474934152554e-01,4.216163112357015907e-01,4.141658648416114974e-01,4.140479898514180523e-01,4.284953184108316604e-01,4.180030472376965456e-01,4.457901237129418548e-01,4.247631110357237838e-01
7.979797979797980112e-01,4.221406565352359141e-01,4.241106926263472077e-01,4.289252965260966777e-01,4.374097825837917619e-01,4.061546773090272122e-01,4.248947046033875741e-01,4.406873726350687970e-01,4.261633531874837177e-01,4.299600933807694036e-01,4.029124434663193255e-01,4.132995886763015103e-01,4.245070999406252987e-01,4.332305293951477787e-01,4.245597013377506168e-01,4.097035849245159178e-01,4.380615640523601306e-01,4.235017303388499688e-01,4.351686542020231641e-01,4.312035523972407858e-01,4.281472058766704336e-01,4.338658599152507844e-01,4.376908373498353266e-01,4.178960042881482151e-01,4.336606765663679197e-01,4.317835220339007463e-01,4.246054050527383605e-01,4.367019893474267112e-01,4.321431563729778436e-01,4.211148299454674504e-01,3.935769651542122549e-01,4.255927176673779955e-01
8.080808080808081773e-01,3.948988036193576412e-01,3.690278757763429396e-01,3.981708959730733688e-01,4.396196368453074155e-01,4.310391790777260423e-01,4.372289578699014023e-01,4.433131997809223734e-01,4.354641565042983165e-01,4.145253473552612533e-01,4.351446282559397472e-01,3.876555140843477854e-01,4.250757461911935375e-01,4.360439173982363359e-01,4.371898547542016900e-01,4.262948813908044032e-01,4.204788426306370064e-01,3.989727940599459011e-01,4.400419719754014580e-01,4.161633578295907965e-01,4.300656001123549510e-01,2.940768394484679082e-01,4.412100020398449507e-01,4.302884933390619948e-01,3.875536704767482132e-01,4.235968385151144822e-01,4.167989264621491663e-01,4.214196116698888939e-01,4.215910573055363098e-01,4.386383999378075660e-01,4.413313897741695802e-01,4.177640130151211717e-01
8.181818181818182323e-01,4.354547024662840937e-01,4.317544376147163798e-01,4.364300002291318092e-01,4.023091024324456089e-01,4.438605749556948643e-01,4.301094163117101243e-01,4.193656638305048867e-01,4.300411434967589264e-01,4.396846751934845310e-01,3.483109063753244139e-01,4.235186106890699298e-01,4.238120522118265510e-01,4.369960233228672997e-01,4.261611460468915369e-01,4.277423013918543737e-01,4.221359572460038345e-01,4.189375775697377069e-01,4.355690870573805662e-01,4.186747945601693166e-01,4.064942079538157449e-01,4.242339750656469732e-01,4.195040405049753063e-01,4.128461873385776970e-01,3.995848189058238131e-01,4.156662752738066735e-01,4.339317301143118533e-01,4.337758471837729890e-01,4.197261501264842321e-01,4.274439982032734453e-01,4.375196160173849824e-01,4.227198339896576784e-01
8.282828282828283983e-01,4.255556690963004929e-01,4.296537530384204606e-01,4.319981873804564776e-01,4.025536559267596792e-01,4.100725607743098133e-01,4.284176153007716037e-01,4.254722242403139454e-01,4.293591335933125697e-01,4.217263400595224754e-01,4.357956469493470819e-01,4.102316911210054373e-01,4.234634901617847502e-01,4.334308086650047742e-01,3.991403476222367130e-01,4.254137261537290216e-01,4.291506849580925542e-01,4.390566938334957148e-01,4.347641314552064262e-01,4.191056496875221193e-01,4.272032625109503656e-01,4.068092342855555432e-01,4.175663894520247332e-01,4.340697897803992289e-01,4.190014028616133035e-01,4.270564762417261018e-01,4.296919128864307158e-01,4.299293821082713629e-01,4.421639632534519748e-01,4.339874849578037597e-01,4.104852117920936294e-01,4.244108840049303777e-01
8.383838383838384534e-01,4.390449283387748980e-01,4.250683479159557132e-01,4.262744903228434801e-01,4.261017168470457861e-01,4.333869245835642037e-01,4.306011639556958093e-01,3.952453287516501379e-01,4.249008712629334661e-01,4.252612113748442946e-01,4.161166692166993752e-01,3.972795418845526116e-01,4.145095419890837407e-01,4.095278914799332926e-01,4.247618862374542004e-01,4.365287247135060666e-01,4.173420951689393310e-01,4.292067402779224383e-01,4.081044136002451861e-01,4.344156023901535324e-01,4.201585277011524178e-01,4.393946859032320518e-01,2.576679537699634315e-01,4.313876830647810356e-01,4.216244034683002129e-01,4.397244558811801984e-01,4.055590566119809393e-01,3.523899538863161096e-01,4.207286834766557626e-01,3.385611613874219827e-01,4.416031805818432243e-01,4.127492612014875273e-01
8.484848484848485084e-01,3.222787146244691092e-01,4.415216189497406796e-01,3.925284759097102394e-01,3.995288749264563344e-01,4.297887369394409740e-01,4.158303109442600398e-01,4.106546987433603024e-01,4.297668395769966843e-01,4.270803365878602653e-01,4.369795897979675825e-01,4.140591372014388871e-01,4.242075523844430207e-01,4.394015215039656641e-01,4.364474566313796267e-01,4.233961246870358575e-01,4.338470578441209202e-01,3.846808994478410626e-01,4.189891228898430242e-01,4.239313929163538441e-01,4.315008156423345564e-01,3.689747042820143985e-01,4.107748155620059571e-01,3.776151141042953796e-01,4.441493526956895033e-01,4.334213372689443289e-01,4.378407226378103756e-01,3.602166474498367799e-01,3.791858931975186087e-01,4.236179764835293349e-01,4.207969119420911230e-01,4.131004251257585080e-01
8.585858585858586745e-01,4.372405200801956493e-01,4.072856570025514822e-01,3.943740427563659501e-01,4.475572449419180088e-01,3.449383740612226856e-01,4.123018796949633469e-01,4.300173879042567537e-01,4.173339938226934831e-01,3.913894759699090287e-01,4.412137119356106529e-01,4.291971597063521937e-01,3.293825877304384919e-01,4.302922709043238148e-01,4.234703072235407317e-01,4.222141981269696420e-01,4.353236831370423388e-01,4.286022952575032630e-01,4.422372859676126367e-01,3.908893812832474057e-01,4.233118708470151037e-01,4.329754426061598882e-01,4.238532085522061510e-01,4.283250236677749734e-01,4.122379966718254796e-01,4.335791046625748213e-01,4.340097486232308288e-01,4.209786097891435874e-01,3.942071307066882802e-01,4.297597626581622920e-01,4.369549517970931496e-01,4.175151436029531093e-01
8.686868686868687295e-01,2.630684494575508126e-01,4.209057880333792467e-01,4.155761632962122198e-01,3.994815604004770537e-01,4.284278556536678106e-01,4.159506658246864830e-01,3.850710961627735740e-01,4.114973142075170065e-01,3.958573049723851933e-01,4.361904284827900491e-01,3.848296572511011870e-01,4.134034168944422105e-01,4.160750964669719387e-01,4.311352033875219814e-01,4.285897287616677875e-01,4.274774782371580928e-01,4.156439845589010584e-01,4.307248703058600414e-01,4.280711272674203594e-01,4.305856313208790698e-01,4.302476909874125011e-01,4.321185229772035452e-01,4.271688812401951973e-01,4.027387166637942939e-01,4.339235272487538264e-01,4.144050284443951959e-01,4.312989102698962518e-01,4.173405161256213414e-01,4.340274713655807304e-01,4.336258756116844193e-01,4.145152653959299771e-01
8.787878787878788955e-01,4.279390698452292252e-01,4.207433634651888688e-01,4.320086082475672051e-01,4.342470352230398123e-01,4.170659473033012099e-01,3.980589125996301658e-01,4.368985322703659580e-01,4.280295993269624399e-01,4.339963606990270839e-01,4.313609736635895531e-01,4.262812334597900210e-01,3.846919467574022589e-01,3.867883917596287024e-01,4.264892612950529904e-01,4.358156604574920379e-01,4.318184631300518994e-01,4.305522402682396832e-01,4.385537645488862823e-01,4.169921163523358509e-01,4.370957619332404565e-01,4.311919826481007134e-01,4.180259460846897923e-01,4.236625728100135158e-01,4.432805291234885869e-01,4.357416326219012981e-01,4.271098606916023943e-01,3.900537675757023148e-01,4.384644043705258620e-01,2.699756277888802347e-01,3.716303814275684347e-01,4.174854649249499228e-01
8.888888888888889506e-01,4.381912754722531167e-01,3.719713048072391115e-01,4.281065590480949146e-01,4.212218506915328953e-01,4.368673275721131621e-01,4.349929740811913081e-01,3.922671049170450286e-01,3.828091430465056511e-01,3.822326635702396613e-01,3.713871058612562837e-01,4.074308608831687661e-01,3.999118816689496980e-01,4.139611967322541219e-01,4.386251487318072462e-01,4.222952005410433030e-01,4.200272480446953227e-01,4.390436110456454322e-01,3.250738309984364527e-01,4.169071046408300285e-01,4.384948003112465464e-01,2.332336330806515368e-01,4.121324660834183584e-01,4.127632493330771202e-01,4.103302829428995269e-01,4.348682948893837219e-01,4.359626080296336581e-01,4.031810227428865856e-01,4.254339215436399591e-01,4.050341116498707983e-01,4.197024474553370799e-01,4.058153410138781725e-01
8.989898989898991166e-01,4.009403267320462150e-01,4.276035868652179883e-01,4.178986724075586801e-01,4.076895137233725874e-01,4.283746491098650577e-01,4.225755435422168249e-01,4.405141326904279953e-01,3.940678036835792430e-01,4.082385998408283867e-01,4.274398524938918253e-01,2.951283685110599464e-01,4.190417874150500488e-01,3.793975849949495771e-01,4.174983405955046689e-01,4.066862382722090663e-01,2.916186578393090700e-01,4.346051876128493863e-01,4.228265242389602219e-01,2.708928679386004013e-01,4.485840327073624123e-01,4.209806801980346957e-01,4.351347923345132429e-01,4.302451946274356565e-01,3.782902075126978181e-01,4.076253004905363020e-01,4.332220690361930360e-01,4.187827651659031258e-01,4.048695368881190526e-01,4.172090932614004877e-01,3.705378447608286829e-01,4.026173251830174049e-01
9.090909090909091717e-01,4.386462833536834971e-01,4.212463282926036112e-01,4.358047269133275559e-01,4.105490221642233428e-01,4.222344969326878306e-01,4.295913481437911852e-01,3.548857106168125108e-01,3.987991720151886077e-01,4.364546716441467522e-01,4.264918028520595095e-01,4.328213269930214491e-01,4.246842827324788239e-01,4.286425637987902881e-01,4.470632331113798541e-01,4.000084154114760260e-01,4.292782249311045684e-01,4.239405500774843238e-01,4.316330722963660493e-01,4.131307147864946572e-01,4.295476200609194550e-01,4.335213125095466746e-01,4.149532267617641046e-01,4.203760216758324897e-01,4.119430148697754146e-01,3.312761764751580018e-01,4.290990556969334624e-01,3.497629018349430741e-01,4.061054173487469998e-01,4.419111733142758736e-01,4.243197467712291338e-01,4.166240538128748727e-01
9.191919191919192267e-01,4.101304616826211835e-01,4.044026729634708772e-01,3.894510752328205205e-01,4.308782587924342988e-01,4.093589285700264258e-01,4.356146214258653782e-01,4.469653472026662855e-01,4.291369099716312863e-01,4.188130631916822111e-01,4.289538831855937429e-01,4.353287138473638795e-01,4.353290222349068261e-01,4.172828005082404590e-01,4.231878585214844946e-01,4.410572383489471671e-01,4.074507060982960338e-01,4.087525970559697797e-01,4.293708751184691086e-01,4.254691268470604526e-01,3.923481172377407677e-01,4.119271119991982366e-01,4.417700080358556991e-01,4.328864996739907878e-01,4.162356662997537815e-01,4.272504820360066291e-01,3.848296011223669155e-01,4.370065875933680233e-01,4.292614097493507308e-01,3.931730777914480002e-01,4.249987692923357097e-01,4.206207163876989341e-01
9.292929292929293927e-01,3.948316222138242293e-01,4.003325211620960000e-01,4.025211143530236790e-01,4.043777781975661512e-01,4.440561157106159840e-01,4.379566626962078657e-01,4.421651251512266900e-01,4.312922836082278000e-01,4.368818668702101338e-01,4.138339197069278441e-01,4.097874154973527583e-01,4.161579290365617911e-01,4.366069411953960033e-01,4.216234201274877136e-01,4.310575918598348877e-01,4.181080830359537592e-01,3.763591816337154006e-01,4.305202638668707005e-01,4.230442826702661141e-01,3.838573307884062813e-01,4.154499212901597849e-01,3.970446574379259963e-01,2.858973065630384669e-01,4.215432058520217629e-01,3.934094559107597644e-01,3.948347678459940280e-01,3.923518037425086646e-01,4.290330504751352914e-01,4.070250110251211750e-01,4.457946247993576083e-01,4.112585084774598720e-01
9.393939393939394478e-01,4.216583332509865056e-01,4.028383467347665392e-01,4.394337720294151928e-01,4.186882496559939937e-01,4.149442009475490800e-01,4.196455755753895622e-01,4.225422122108039025e-01,4.013372959245128380e-01,3.978237046733137938e-01,4.408397958442499820e-01,3.800435336905497175e-01,3.862354017953300023e-01,4.270575984571636230e-01,4.488174613358976162e-01,4.364788034945110695e-01,4.344190447022321933e-01,4.229454540481549785e-01,4.050593135579035331e-01,4.066658651768058075e-01,4.284325920141930366e-01,3.960694003580685352e-01,2.933313230802329086e-01,3.917185847008027300e-01,4.272579795626992305e-01,4.077789806991036770e-01,3.804415238903345875e-01,3.067843886184563051e-01,3.844451399094543920e-01,4.160545036410494002e-01,4.008470511304779160e-01,4.053545143570135290e-01
9.494949494949496138e-01,4.159163948439638103e-01,4.119035414997059830e-01,3.823198603264026385e-01,3.790491497154425682e-01,4.167750693119731120e-01,4.368515165362253927e-01,4.043162747157230119e-01,3.186554030610496135e-01,4.290814928425601416e-01,4.277417794651348082e-01,4.229223999742742213e-01,4.283898346132877233e-01,4.211574454998985306e-01,4.144907304150480254e-01,4.374008737988528406e-01,3.418893791857243181e-01,4.252631067939000586e-01,3.925071692338880092e-01,3.559082425288855323e-01,4.449069089146627798e-01,4.317966030436089508e-01,4.032010013628438694e-01,4.313830422026345701e-01,3.231913481205831995e-01,4.109814958121593698e-01,3.894576098884190429e-01,4.314215167327656308e-01,4.047908905842620420e-01,4.272121515125710811e-01,4.106029205936070903e-01,4.057161717710018878e-01
9.595959595959596689e-01,3.970525832934473920e-01,4.293294626507713208e-01,4.099849386257987671e-01,4.286751071615892417e-01,4.198997826862976290e-01,3.601027769956793301e-01,4.194235161504418774e-01,4.221228327157866556e-01,4.162484311081544597e-01,4.423036811965281867e-01,4.330976217898223624e-01,4.179835808976232747e-01,4.260849863583555108e-01,3.737287952513159150e-01,3.878377406854572884e-01,4.257540839498782925e-01,3.808267847722898169e-01,4.065053869261758823e-01,3.842208077395080079e-01,3.608660941401948818e-01,3.583289911519859094e-01,4.330075374632639806e-01,4.239141450812888290e-01,4.229735046075581151e-01,4.364280623424667271e-01,4.155446078341048510e-01,4.401956622912134298e-01,4.019311761981147479e-01,2.738131251419478329e-01,4.107277067596000197e-01,4.052971171322219957e-01
9.696969696969697239e-01,3.980774219922552093e-01,4.219353035715309730e-01,3.466645929425155592e-01,4.316100091517804382e-01,4.361453629238765117e-01,4.212361830374973803e-01,4.146934959702165413e-01,3.815010221480408248e-01,4.075804797828276871e-01,4.346874205679294723e-01,4.127868064752069910e-01,4.466630509679527794e-01,4.019091781733778457e-01,4.314544569244823657e-01,3.079529631291116343e-01,3.945691827804092555e-01,4.324697736258570346e-01,4.071578537864644631e-01,4.057799556409852904e-01,4.183416947902754979e-01,4.440096011349303762e-01,4.363460273681886159e-01,3.837307674659408696e-01,3.187292744634543373e-01,4.171580922144505488e-01,4.054232626527490835e-01,4.240074833066039273e-01,4.391371084297021610e-01,2.547130039868401030e-01,3.633896773437572669e-01,4.013286835583069756e-01
9.797979797979798899e-01,4.223400170478757709e-01,1.662648188884227052e-01,3.736569035893756996e-01,4.360305689971748500e-01,4.341265483704031536e-01,3.967604641342178939e-01,4.428793330016653207e-01,4.415368943814322322e-01,3.543194767437996551e-01,4.445878337291744309e-01,4.171288261436746914e-01,4.179920184644678183e-01,4.261850063059469118e-01,3.938233659903891404e-01,4.339854028651194406e-01,4.164386306528249926e-01,4.187532460769707310e-01,3.836428855068212962e-01,4.283241090576154209e-01,3.699942491444968562e-01,4.184485511983522255e-01,3.611921311435231097e-01,4.271458976743192082e-01,2.658622417719371800e-01,4.190998128131292466e-01,4.255892784128847972e-01,4.126245392605728535e-01,3.882804753010380416e-01,4.335139696711052815e-01,3.739235829684990353e-01,3.981483693102410570e-01
9.898989898989899450e-01,2.435228112518414700e-01,3.775768245006570489e-01,4.178032880435480489e-01,4.188728379830805038e-01,4.194084494857012180e-01,4.060757873845718402e-01,4.098525290882075178e-01,3.885040194129270597e-01,4.156892223765249472e-01,4.232119166564193291e-01,4.141131336965781506e-01,4.280011616806664865e-01,3.937647585805514883e-01,3.964064170772213513e-01,4.067990013507899461e-01,3.915790774543502217e-01,4.365451413084333043e-01,3.402319214888573362e-01,4.006587539290761280e-01,4.259212410763285606e-01,4.195553945547595975e-01,3.877232233178714016e-01,4.218675359636007705e-01,3.630989698415570954e-01,4.149838670358161896e-01,3.879425744875135695e-01,4.085390824633550744e-01,4.104712778015046082e-01,4.026510820797580270e-01,3.760107711223176774e-01,3.982460690831462480e-01
1.000000000000000000e+00,4.068648988300662128e-01,4.379506066898412597e-01,4.077785893104247106e-01,4.032838130894916273e-01,4.279585872488131382e-01,4.192158112476198628e-01,4.035719240730207269e-01,4.214025831672131850e-01,3.608671881731559949e-01,4.271071289501031654e-01,4.189856335245875640e-01,3.679692121631917279e-01,4.163601973051698768e-01,4.143296349526545130e-01,4.361838162976705568e-01,2.601722506340751195e-01,3.904264765612086574e-01,4.003889538935858639e-01,4.192386332388751136e-01,3.530042271701572809e-01,3.817096467211694710e-01,4.266353028055694940e-01,4.303830269655159468e-01,4.055116682661548122e-01,4.033088166653439055e-01,4.213108016654688592e-01,4.431613858404181983e-01,4.217538489450925465e-01,3.935747674838924737e-01,3.977579686191088926e-01,4.039389133499554085e-01
